District,Product 
Sundargada,Iron Ore Crusher
Kendujhar,Iron Ore Crusher
Sundargada,Iron Ore Crusher
Kendujhar,Iron Ore Crusher
Kendujhar,Iron Ore Crusher
Kendujhar,Iron Ore Crusher
Kendujhar,Iron Ore Crusher
Kendujhar,Iron Ore Crusher
Kendujhar,Iron Ore Crusher
Kendujhar,Iron Ore Crusher
Kendujhar,Iron Ore Crusher
Kendujhar,Iron Ore Crusher
Kendujhar,Iron Ore Crusher
Kendujhar,Iron Ore Crusher
Kendujhar,Iron Ore Crusher
Kendujhar,Iron Ore Crusher
Kendujhar,Iron Ore Crusher
Kendujhar,Iron Ore Crusher
Kendujhar,Iron Ore Crusher
Kendujhar,Iron Ore Crusher
Kendujhar,Iron Ore Crusher
Kendujhar,Iron Ore Crusher
Sundargrh,Iron Ore Crusher
Sundargada,Iron Ore Crusher
Sundargada,Iron Ore Crusher
Sundargada,Iron Ore Crusher
Sundargada,Iron Ore Crusher
Sundargada,Iron Ore Crusher
Kendujhar,Iron Ore Crusher
Kendujhar,Iron Ore Crusher
Kendujhar,Iron Ore Crusher
Sundargada,Iron Ore Crusher
Kendujhar,Iron Ore Crusher
Sundargada,Iron Ore Crusher
Kendujhar,Iron Ore Crusher
Sundargada,Iron Ore Crusher
Kendujhar,Iron Ore Crusher
Kendujhar,Iron Ore Crusher
Kendujhar,Iron Ore Crusher
Sundargada,Iron Ore Crusher
Kendujhar,Iron Ore Crusher
Sundargada,Iron Ore Crusher
Kendujhar,Iron Ore Crusher
Mayurbhanj,Iron Ore Crusher
Kendujhar,Iron Ore Crusher
Sundargada,Iron Ore Crusher
Sundargada,Iron Ore Crusher
Kendujhar,Iron Ore Crusher
Kendujhar,Iron Ore Crusher
Sundargada,Iron Ore Crusher
Kendujhar,Iron Ore Crusher
Sundargada,Iron Ore Crusher
Sundargada,Iron Ore Crusher
Kendujhar,Iron Ore Crusher
Anugul,Iron Ore Crusher
Kendujhar,Iron Ore Crusher
Kendujhar,Iron Ore Crusher
Kendujhar,Iron Ore Crusher
Sundargada,Iron Ore Crusher
Kendujhar,Iron Ore Crusher
Sundargada,Iron Ore Crusher
Kendujhar,Iron Ore Crusher
Sundargada,Iron Ore Crusher
Sundargada,Iron Ore Crusher
Kendujhar,Iron Ore Crusher
Kendujhar,Iron Ore Crusher
Kendujhar,Iron Ore Crusher
Kendujhar,Iron Ore Crusher
Sundargada,Iron Ore Crusher
Sundargada,Iron Ore Crusher
Sundargada,Iron Ore Crusher
Kendujhar,Iron Ore Crusher
Sundargada,Iron Ore Crusher
Sundargada,Iron Ore Crusher
Kendujhar,Iron Ore Crusher
Kendujhar,Iron Ore Crusher
Kendujhar,Iron Ore Crusher
Kendujhar,Iron Ore Crusher
Kendujhar,Iron Ore Crusher
Kendujhar,Iron Ore Crusher
Kendujhar,Iron Ore Crusher
Kendujhar,Iron Ore Crusher
Sundargada,Iron Ore Crusher
Kendujhar,Iron Ore Crusher
Kendujhar,Iron Ore Crusher
Kendujhar,Iron Ore Crusher
Kendujhar,Iron Ore Crusher
Kendujhar,Iron Ore Crusher
Kendujhar,Iron Ore Crusher
Kendujhar,Iron Ore Crusher
Sundargada,Iron Ore Crusher
Kendujhar,Iron Ore Crusher
Kendujhar,Iron Ore Crusher
Kendujhar,Iron Ore Crusher
Kendujhar,Iron Ore Crusher
Sundargada,Iron Ore Crusher
Kendujhar,Iron Ore Crusher
Kendujhar,Iron Ore Crusher
Sundargada,Iron Ore Crusher
Sundargada,Iron Ore Crusher
Sundargada,Iron Ore Crusher
Kendujhar,Iron Ore Crusher
Sundargada,Iron Ore Crusher
Sundargada,Iron Ore Crusher
Sundargada,Iron Ore Crusher
Kendujhar,Iron Ore Crusher
Sundargada,Iron Ore Crusher
Kendujhar,Iron Ore Crusher
Kendujhar,Iron Ore Crusher
Kendujhar,Iron Ore Crusher
Sundargada,Iron Ore Crusher
Kendujhar,Iron Ore Crusher
Sundargada,Iron Ore Crusher
Sundargada,Iron Ore Crusher
Sundargada,Iron Ore Crusher
Kendujhar,Iron Ore Crusher
Sundargada,Iron Ore Crusher
Kendujhar,Iron Ore Crusher
Sundargada,Iron Ore Crusher
Kendujhar,Iron Ore Crusher
Sundargada,Iron Ore Crusher
Sundargada,Iron Ore Crusher
Kendujhar,Iron Ore Crusher
Kendujhar,Iron Ore Crusher
Sundargada,Iron Ore Crusher
Sundargada,Iron Ore Crusher
Kendujhar,Iron Ore Crusher
Sundargada,Iron Ore Crusher
Kendujhar,Iron Ore Crusher
Kendujhar,Iron Ore Crusher
Sundargada,Iron Ore Crusher
Kendujhar,Iron Ore Crusher
Sundargada,Iron Ore Crusher
Kendujhar,Iron Ore Crusher
Sundargada,Iron Ore Crusher
Sundargada,Iron Ore Crusher
Kendujhar,Iron Ore Crusher
Sundargada,Iron Ore Crusher
Kendujhar,Iron Ore Crusher
Sundargada,Iron Ore Crusher
Sundargada,Iron Ore Crusher
Sundargada,Iron Ore Crusher
Kendujhar,Iron Ore Crusher
Sundargada,Iron Ore Crusher
Sundargada,Iron Ore Crusher
Kendujhar,Iron Ore Crusher
Kendujhar,Iron Ore Crusher
Kendujhar,Iron Ore Crusher
Sundargada,Iron Ore Crusher
Kendujhar,Iron Ore Crusher
Sundargada,Iron Ore Crusher
Anugul,Iron Ore Crusher
Kendujhar,Iron Ore Crusher
Mayurbhanj,Iron Ore Crusher
Sundargada,Iron Ore Crusher
Kendujhar,Iron Ore Crusher
Kendujhar,Iron Ore Crusher
Sundargada,Iron Ore Crusher
Sundargada,Iron Ore Crusher
Kendujhar,Iron Ore Crusher
Kendujhar,Iron Ore Crusher
Kendujhar,Iron Ore Crusher
Kendujhar,Iron Ore Crusher
Kendujhar,Iron Ore Crusher
Kendujhar,Iron Ore Crusher
Kendujhar,Iron Ore Crusher
Sundargada,Iron Ore Crusher
Sundargada,Iron Ore Crusher
Kendujhar,Iron Ore Crusher
Kendujhar,Iron Ore Crusher
Kendujhar,Iron Ore Crusher
Sundargada,Iron Ore Crusher
Kendujhar,Iron Ore Crusher
Kendujhar,Iron Ore Crusher
Sundargada,Iron Ore Crusher
Kendujhar,Iron Ore Crusher
Kendujhar,Iron Ore Crusher
Sundargada,Iron Ore Crusher
Sundargada,Iron Ore Crusher
Sundargada,Iron Ore Crusher
Sundargada,Iron Ore Crusher
Kendujhar,Iron Ore Crusher
Kendujhar,Iron Ore Crusher
Sundargada,Iron Ore Crusher
Sundargada,Iron Ore Crusher
Kendujhar,Iron Ore Crusher
Kendujhar,Iron Ore Crusher
Kendujhar,Iron Ore Crusher
Kendujhar,Iron Ore Crusher
Jajpur,Iron Ore Crusher
Sundargada,Iron Ore Crusher
Kendujhar,Iron Ore Crusher
Sundargada,Iron Ore Crusher
Sundargada,Iron Ore Crusher
Mayurbhanj,Iron Ore Crusher
Kendujhar,Iron Ore Crusher
Sundargada,Iron Ore Crusher
Kendujhar,Iron Ore Crusher
Sundargada,Iron Ore Crusher
Kendujhar,Iron Ore Crusher
Sundargada,Iron Ore Crusher
Kendujhar,Iron Ore Crusher
Kendujhar,Iron Ore Crusher
Kendujhar,Iron Ore Crusher
Kendujhar,Iron Ore Crusher
Sundargada,Iron Ore Crusher
Jajpur,Iron Ore Crusher
Kendujhar,Iron Ore Crusher
Sundargada,Iron Ore Crusher
Kendujhar,Iron Ore Crusher
Kendujhar,Iron Ore Crusher
Mayurbhanj,Iron Ore Crusher
Sundargada,Iron Ore Crusher
Kendujhar,Iron Ore Crusher
Sundargada,Iron Ore Crusher
Kendujhar,Iron Ore Crusher
Sundargada,Iron Ore Crusher
Sundargada,Iron Ore Crusher
Dhenkanal,Iron Ore Crusher
Kendujhar,Iron Ore Crusher
Sundargada,Iron Ore Crusher
Kendujhar,Iron Ore Crusher
Sundargada,Iron Ore Crusher
Sundargada,Iron Ore Crusher
Sundargada,Iron Ore Crusher
Kendujhar,Iron Ore Crusher
Sundargada,Iron Ore Crusher
Kendujhar,Iron Ore Crusher
Kendujhar,Iron Ore Crusher
Kendujhar,Iron Ore Crusher
Kendujhar,Iron Ore Crusher
Kendujhar,Iron Ore Crusher
Kendujhar,Iron Ore Crusher
Jharsuguda,Iron Ore Crusher
Kendujhar,Iron Ore Crusher
Sundargada,Iron Ore Crusher
Sundargada,Iron Ore Crusher
Kendujhar,Iron Ore Crusher
Anugul,Iron Ore Crusher
Sundargada,Iron Ore Crusher
Sundargada,Iron Ore Crusher
Sundargada,Iron Ore Crusher
Sundargada,Iron Ore Crusher
Sundargada,Iron Ore Crusher
Sundargada,Iron Ore Crusher
Sundargada,Iron Ore Crusher
Kendujhar,Iron Ore Crusher
Sundargada,Iron Ore Crusher
Sundargada,Iron Ore Crusher
Kendujhar,Iron Ore Crusher
Kendujhar,Iron Ore Crusher
Kendujhar,Iron Ore Crusher
Kendujhar,Iron Ore Crusher
