Name of the Industry,Location,District
M/s. Kamaljit Singh Ahlualia,"Katashahi, Koira",Sundargada
M/s. Deepak Steel & Power Ltd,Topadihi,Kendujhar
M/s. Prakash Ind. Ltd,Koida,Sundargada
M/s. Kaypee Enterprises,Dalki,Kendujhar
M/s. Maa Tarini Udyog,At/PO-Champei,Kendujhar
"M/s. Mala Roy, I. Roy & P. Roy","Jalahuri Iron & Mn Mine, Joda",Kendujhar
M/s. Kalinga Mineral Processing,"Mundula, Bayakamotia",Kendujhar
M/s. Bansapani Iron Ltd,"Jurudi, Jajang",Kendujhar
M/s. Patnaik Minerals (P) Ltd,"Jaribahal, Palasa",Kendujhar
M/s. Narayani Sons (P) Ltd,"Surgutaria, Bansapani",Kendujhar
M/s. Binodini Minerals,"Danla, Suakati",Kendujhar
M/s. Shree Processor,"Salarpentha, Mahadeijoda",Kendujhar
M/s. Mangalam Ispat,"Kasia, Bhadrasahi",Kendujhar
M/s. Kalinga Mining Corp,Jurudi,Kendujhar
"The Orissa Minerals Dev. Corp, Roida Crushing & Screening Unit","Bhuya Roida, Badabil",Kendujhar
M/s. Futuristic Steel (P) Ltd,"Joda, Palasa (Kha)",Kendujhar
M/s. Roida Crushing & Screening Unit (OMDC),"B. Roida, Badabil",Kendujhar
M/s. J. B. Industries,"Tanta, Bhadrasahi",Kendujhar
M/s. Utkal Ispat (P) Ltd,At/PO-Kasia,Kendujhar
M/s. Jagannath Udyog,"Lunghar, Suakati",Kendujhar
M/s. Satguru Minerals & Steels,"At-Kasia, PO-Badabil",Kendujhar
M/s. Swarajya Buil-Tech (P) Ltd,"At-Baiya Kumutia, PO-Suakati",Kendujhar
M/s. S. P. Minerals,AT/PO-Koira,Sundargrh
M/s. P. V. Enterprises,"At-Kasira, PO-Koira",Sundargada
M/s. M. G. Mohanty,"At-Patbeda, PO-Malda",Sundargada
M/s. Gitarani Mohanty,"At-Raikela, PO-Dengula",Sundargada
M/s. Maa Manasha Crushing Plant,"At-Kasira, PO-Koira",Sundargada
M/s. Aryan Mining & Trading Corporation (P) Ltd,"At-Narayanposhi, PO-Koira",Sundargada
M/s. Singhal Enterprises (P) Ltd,"At-Jaribahal, PO-Joda",Kendujhar
M/s. Crackers India Alloys (P) Ltd,Kalikaprasad,Kendujhar
M/s. Shree Ganesh Sponge (P) Ltd,"At-Rugudi, PO-Badabil",Kendujhar
M/s. Harsha Ltd,"At-Sonua, PO-Koira",Sundargada
M/s. United Enterprises,At/PO-Bansapani,Kendujhar
M/s. Bajarang Metaliks (P) Ltd,"At-Sonua, PO-Koira",Sundargada
M/s. Associated Enterprises,"At/PO-Bileipada, Joda",Kendujhar
M/s. Maa Tarini Iron Ore Processing & Metal Industries,"At-Sergigarh, PO-Koira",Sundargada
M/s. Shree Balaji Metal Industries,At/PO-Kasia,Kendujhar
M/s. Maa Shakti Crusher Co.,"At-Palsha (Kha), PO-Bambeari",Kendujhar
M/s. Global Mining Industries,At/PO-Kasia,Kendujhar
M/s. Global Associates,"At-Kalamang, PO-Malda",Sundargada
M/s. Maheswari Minerals,"At-IDCO I.E, PO-Matkambeda",Kendujhar
M/s. Sri Shyam Minerals,"At-Sonua, PO-Koira",Sundargada
M/s. Aftek Traders (P) Ltd,"At-B. Roida, PO-Badabil",Kendujhar
M/s. Shree Balaji (India) (P) Ltd,"At-Hatisikuli, PO-Utkam",Mayurbhanj
M/s. Vipra Industries (P) Ltd,"At-Barapada, PO-Guali",Kendujhar
M/s. Harihar Iron & Steel (P) Ltd,"At-Sonua, PO-Patmunda",Sundargada
M/s. Sankar Udyog,"At-Sargigarh, PO-Patmunda",Sundargada
M/s. Westwell Iron & Steel (P) Ltd,"At-Banspani, PO-Joda",Kendujhar
M/s. Sidhi Vinayak Ferro Alloys Ltd,"At-Barapada, PO-Guali",Kendujhar
M/s. H. L. Trader & Supplier (P) Ltd,"At-Surjigarh, PO-Patmunda",Sundargada
M/s. Khatushyamjee Minerals (P) Ltd,"At-Purunadihi, PO-Badakalamati",Kendujhar
M/s. Dwarka Sponge Food (P) Ltd,"At-Sonua, PO-Koira",Sundargada
M/s. Padmavati Ispat & Minerals Ltd,"At-Kusumudihi, PO-Koira",Sundargada
M/s. R. K. Minerals,"At-Khajuridihi, PO-Badabil",Kendujhar
M/s. Balaji Melter (P) Ltd,"At-Soida, PO-Pallahada",Anugul
M/s. Balaji Hi-Tech Rolling (P) Ltd,"At-Palasha (Kha), PO-Joda",Kendujhar
M/s. Gay Minerals & Steel Ltd,"At-Raika, PO-Serenda",Kendujhar
M/s. Badbil Khanij Udyog,"At-Jamupani, PO-Dubuna",Kendujhar
M/s. Koira Ores (P) Ltd,"At-Sargigarh, PO-Koira",Sundargada
M/s. T. R. Chemicals (P) Ltd,"At-Khajuridiha, PO-Dubuna",Kendujhar
M/s. Ritika Alloys (P) Ltd,"At-Badaindupur, PO-Koira",Sundargada
M/s. Sky-line Minerals & Construction (P) Ltd,"At-Govindpur, PO-Raghunathpur",Kendujhar
M/s. Kalinga Ores,"At-Kusumadihi, PO-Koira",Sundargada
M/s. Cash Alloys Ltd,"At-Bada-Indupur, PO-Koira",Sundargada
M/s. Shivam Corporation,"At-Jurudi, PO-Joda",Kendujhar
M/s. Sri Vishnu Sponge Iron Ltd,"At-Kolha Barpada, PO-Matkambeda",Kendujhar
"M/s. Gandhamardan Iron Ore Mines, Crushing Unit",At/PO-Suakati,Kendujhar
M/s. SLM Minerals (P) Ltd,At/PO-Kollahabarpada,Kendujhar
M/s. Santosh Industries,"At-Baldihi, PO-Patmunda, Koira",Sundargada
M/s. Utkal Minerals & Ore,"At-Sargigada, PO-Koira",Sundargada
M/s. Koira Ore & Minerals,"At-Balidihi, PO-Koira",Sundargada
M/s. Radhey Krishna Minerals,"At-Dubuna, PO-Badakalimati",Kendujhar
M/s. Ajay Minerals & Steel Ltd.,"At-Rengalbeda, PO-Koira",Sundargada
M/s. Ranisati Minerals (P) Ltd,"At-Rengalbeda, Koira",Sundargada
M/s. K. D. Sharma,At/PO-Matkombeda,Kendujhar
M/s. Mallick Minerals Udyog,"At-Gobindapur, PO-Raghunathpur",Kendujhar
M/s. Sidharth Sponge & Power Ltd,"At-Barpada, PO-Matkambeda",Kendujhar
M/s. Evergreen Nivesh & Business Ltd,At-Balagoda,Kendujhar
M/s. Chhatisgarh Process (P) Ltd,"At-Jaribahal, PO-Joda",Kendujhar
M/s. Sidheswar Mineral Corporation,"At-Nayagada, PO-Dubuna",Kendujhar
M/s. Shree Giriraj Metalics,"At-Dabuna, PO-Joda",Kendujhar
M/s. Satyasai Mines & Minerals,"At-Talachampei, PO-Champei",Kendujhar
M/s. Prime Minerals (P) Ltd,At/PO-Sergigarh,Sundargada
M/s. Khandabandha Iron & Mn. Mine,"At-Khandabandha, PO-Joda",Kendujhar
M/s. Shree Maheswari Minerals,At/PO-Suakati,Kendujhar
M/s. Maa Santoshi Industries Ltd,"At-Khuntakata, PO-Suakati",Kendujhar
M/s. Virangana Steel Ltd,"At-Loidapada, PO-Guali",Kendujhar
M/s. CNN Minerals,"At-Lasarda, PO-Dhanurjayapur",Kendujhar
M/s. Shree Udyog,"At-Kolhabarpada, PO-Badabil",Kendujhar
M/s. Shyam Sel Ltd,"At-Barpada, PO-Guali",Kendujhar
M/s. OCL India Ltd,"At-Lamloi, PO-Garvana",Sundargada
M/s. Everlast Fincon (P) Ltd,At/PO-Dubuna,Kendujhar
M/s. Brahmha Mines & Minerals (P) Ltd,At/PO-Matkambeda,Kendujhar
M/s. Hawarh Gases Ltd,At-Matkambeda I.E,Kendujhar
M/s. Sumrit Metallics (P) Ltd,"At-Soyabahal, PO-Badabil",Kendujhar
M/s. Jagannath Mineral (P) Ltd,"At-San-Indupur, PO-Koira",Sundargada
M/s. Unchabali Iron Mn. Mine,"At-Unchabali, PO-Balda",Kendujhar
M/s. TISCO Joda East Iron Mine,At/PO-Joda,Kendujhar
M/s. Maa Nainadevi Minerals,"At-San-Indupur, PO-Koira",Sundargada
M/s. Mahavir Ores & Sponge (P) Ltd,"At-Sonua, PO-Koira",Sundargada
M/s. Mahadev Sponge & Mining (P) Ltd,"At-Beldihi, PO-Koira",Sundargada
M/s. Shree Guru Kripa Udyog,At-Dubuna,Kendujhar
M/s Shyam Steel,"At-Kalmang, PO-Malda",Sundargada
M/s. High-Tech Minerals & Sponge,"At-Nuagaon, PO-Koira",Sundargada
M/s. Koira Steel (P) Ltd.,"At/PO-Koira, Belkudar, Tehroi",Sundargada
M/s. Sushila Sponge (P) Ltd,"At-Kasia, PO-Bhadrasahi",Kendujhar
M/s. Shagun Projects (P) Ltd,"At-Patmunda, PO-Koira",Sundargada
M/s. Sub-metallics,"At-Tanta, PO-Bhadrasahi",Kendujhar
M/s. Asha Minerals,"At-Raika, PO-Badabil",Kendujhar
M/s. Kalinga Stone Works,"At-Nischintpur, PO-Badaposh",Kendujhar
M/s. Suraj Minerals,"At-Goiliharga, PO-Kalunga",Sundargada
M/s. Kanodia Iron Work (P) Ltd,"At-Palasa (Kha), PO-Jajang",Kendujhar
M/s. Dryson Marketing (P) Ltd,"At-Sonua, PO-Koira",Sundargada
M/s. Maruti Stone Works,Patmunda,Sundargada
M/s. Sri Vrindaban Metallics,"At-Sonua, PO-Koira",Sundargada
M/s. Gonasika Ferro Products,"At-Bayakumutia, PO-Banspal",Kendujhar
M/s. Maruti Ores,"Baldihi, Sonua, Koira",Sundargada
M/s. Bisra Minerax,"At-Nayagada, PO-Dubuna",Kendujhar
M/s. B. Seenaiah & Co Projects Ltd,"At-San-Indupur, PO-Malda",Sundargada
M/s. Puja Minerals,"At-Talakaipur, PO-Suakati",Kendujhar
M/s. Shree Mahavir High Tech Chemicals (P) Ltd,At/PO-Koida,Sundargada
M/s. Kamakhya Ores (P) Ltd,"At-Sonua, PO-Patmunda",Sundargada
M/s. Jai Maa Vaishno Devi Minerals,"At-Kasia, PO-Badabil (Ka)",Kendujhar
M/s. Maa Tarini Iron Ore Crusher,"At-Matkambeda I.E, PO-Badabil",Kendujhar
M/s. Vibgyor Structural Construction (P) Ltd,"At-Kamarposh, PO-Bimalgarh",Sundargada
M/s. R. P. Gupta Mineral (P) Ltd,"At-San-Indupur, PO-Malda",Sundargada
M/s. Hindustan Minerals,"At-Salarpentha, PO-Mahadeijoda",Kendujhar
M/s. Prabhu Sponge (P) Ltd,"At-Jhagarpur, PO-Kesamal",Sundargada
M/s. Khatau Narviram & Co.,"At-Tanto, PO-Bhadrasahi",Kendujhar
M/s. SKD Steels (P) Ltd,"At-Kolabarpada, PO-Matkambeda",Kendujhar
M/s. Subham Minerals & Steel,"At-Kusumdihi, PO-Koira",Sundargada
M/s. Flexi Multi Product & Services (P) Ltd,"At-Anugulia, PO-Nandapur",Kendujhar
M/s. Ganesh Ores & Minerals,"At-Sonua, PO-Koira",Sundargada
M/s. Sanwaria Steel (P) Ltd,"At-Lasarda, PO-Bolani",Kendujhar
M/s. Green Industries (P) Ltd,"At-Sonua, PO-Patmunda",Sundargada
M/s. Aditya Minerals,"At-Tentulidihi, PO-Koira",Sundargada
M/s. BRM Mines & Minerals,"At-Saralapentha, PO-Mahadeijoda",Kendujhar
M/s. Bhargav Metalliks (P) Ltd,"At-Ranisal, PO-Patmunda",Sundargada
M/s. Sri KLS Energy,Palasa (Kha),Kendujhar
M/s. SRT Salsar Ores & Minerals,"At-Kodadiha, PO-Koira",Sundargada
M/s. Jaimata Ambe Enterprises,"At-Goibhang, PO-Kalunga",Sundargada
M/s. Shree Balaji Ispat,"At-Kadadihi, PO-Koira",Sundargada
M/s. Jai Jagadamba Minerals,"At-Dhanurjayapur, PO-Malda",Kendujhar
M/s. Basundhara Metalliks (P) Ltd,Podujalanga,Sundargada
M/s. Srijee Strips (P) Ltd,At/PO-Koida,Sundargada
M/s. Maa Tarini Ores & Minerals,At-Bhuiya Roida,Kendujhar
M/s. Shree Shyam Minerals,"At-Jharsua, PO-Bhadrasahi",Kendujhar
M/s. Triveni Earth Movers (P) Ltd,At/PO-Guali,Kendujhar
M/s. Maa Samaleswari Mine Products,"At-Ranisal, PO-Patmunda",Sundargada
M/s. Ares & Sons,At/PO-Dubuna,Kendujhar
M/s. Bhargav Steel (P) Ltd,"At-Ranisal, PO-Koira",Sundargada
M/s. Bindal Sponge Ltd,"At-Sunakhani, PO-Talcher",Anugul
M/s. Tulip Mines (P) Ltd,"At-Barpada, PO-Guali",Kendujhar
M/s. Amiya Steels (P) Ltd,"At-Maharajpur, PO-Jashipur",Mayurbhanj
M/s. Lexus Steels (P) Ltd,"At-Sonua, PO-Koira",Sundargada
M/s. Jeet Minerals,At-Sralapentha,Kendujhar
M/s. Utkal Minerals Ind.,"Saralpantha, Mahadeijoda",Kendujhar
M/s. Chandawasia Exim (P) Ltd,"At-Sonua, PO-Patmunda",Sundargada
M/s. Gajanan Metallics,"At-Patmunda, PO-Koira",Sundargada
M/s. S.R Minerals,"At-Naibuga, PO-Dubuna",Kendujhar
M/s. Hindustan Minerals,"At-Raika, PO-Serenda",Kendujhar
M/s. Orind Steel Ltd,"At-Khuntpani, PO-Banspani",Kendujhar
M/s. Ujala Minerals,"At-Talachampei, PO-Suakati",Kendujhar
M/s. Devpuri Iron,"At-Tanto, PO-Bhadrasahi",Kendujhar
M/s. Loh Ayaska Udyog,"At-Kundula, PO-Palaspanga",Kendujhar
M/s. Sriram Crushing Industries,"At-Basudevpur, PO-Nuradpur",Kendujhar
M/s. Narssingh Mineral Works (P) Ltd,"At-Kamondo, PO-Kalta",Sundargada
M/s. Krishna Ores (P) Ltd,"At-Bijabahal, PO-Biramitrapur",Sundargada
M/s. Sri Sindhuja Steel (P) Ltd,"At-Nayagada, PO-Dubuna",Kendujhar
M/s. Rungta Minerals,At/PO-Talchampei,Kendujhar
M/s. Nayagada Minerals,"At-Jalapopushi, PO-Dubuna",Kendujhar
M/s. Srirampur Steel (P) Ltd,"At-Bada-Indupur, PO-Koira",Sundargada
M/s. GSN Murty Minerals (P) Ltd,At/PO-Matkambeda,Kendujhar
M/s. Sri Hari Industries,At/PO-Dubuna,Kendujhar
M/s. Mangal Steel (P) Ltd,"Sanaindupur, Koira",Sundargada
M/s. P. C. Ferro Melters (P) Ltd,,Kendujhar
M/s. MDM Steel & Metals,"At-Kalhabarpada, PO-Badabil",Kendujhar
M/s. Surendra Mining Industries (P) Ltd,At/PO-Koira,Sundargada
M/s. Nilachakra Metal Processors (P) Ltd,"At-Tankajoda, PO-Lalchi",Sundargada
M/s. Atyadhunik Minerals Processing,At/PO-Koira,Sundargada
M/s. Krishna Kanheyia Metal (P) Ltd,At/PO-Koira,Sundargada
M/s. Shakti Mines & Minerals,"At-Lasarda, PO-Badabil",Kendujhar
M/s. Deepak Steels & Power Ltd,"At-Uliburu, PO-Nalda",Kendujhar
M/s. Iron Cementics India,"At/PO-Patmunda, Koira",Sundargada
M/s. Gopi Krishna Minerals & Metals,"At-Kolmang, Koira",Sundargada
M/s. M. V. Industries (P) Ltd,"At-Kolhabarpada, Badabil",Kendujhar
M/s. Tirupati Minerals,"At-Hindola, Palsponga",Kendujhar
M/s. R. K. Minerals,"At-Kandarposhi, Rengalbeda",Kendujhar
M/s. Tarini Alloys (P) Ltd,"At/PO-Dubuna, Purunadihi",Kendujhar
M/s. Sri Jagannath Minerals,"At-Batijanga, PO-Harisdaspur",Jajpur
M/s. Tulsi Ispat (P) Ltd,"At-Kamando, Koira",Sundargada
M/s. Alfa Minerals,"At-Roida, PO-Badabil",Kendujhar
M/s. Mahamaya Sponge Feed (P) Ltd,At/PO-Koira,Sundargada
M/s. Vibgyor Steels & Mines Ltd,"At-Khuntugaon, Bonai",Sundargada
M/s. Tirupati Enterprises,"At-Tulsibani, Rairangpur",Mayurbhanj
M/s. Kuber Extraction (P) Ltd,"At-Lasarda, Badabil",Kendujhar
M/s. Vedvyas Minerals,"At-Tentulidihi, Koira",Sundargada
M/s. Surya Khanij,At-Loidapada,Kendujhar
M/s. P. K. Transport,At-Khuruntir,Sundargada
M/s. B. J. Impex (India) Pvt. Ltd,At-Dubuna,Kendujhar
Shri Mahavir Ferro Alloys (P) Ltd,Kalunga Ind. Estate,Sundargada
M/s. Kiran Ispat & Mineral (P) Ltd,"At-Dalki, Badabil",Kendujhar
M/s. Das Minerals,"At-Kundrapani, Roida",Kendujhar
M/s. Maa Engineering,,Kendujhar
M/s. Rashmi Ferro Alloys (P) Ltd,"At-Rugudi, Guali",Kendujhar
M/s. Reliable Sponge (P) Ltd,"At-Jhariberna, Kendrikala, Bonai",Sundargada
M/s. Biraja Minerals,At-Jaraka,Jajpur
M/s. Beekay Steels & Power Ltd,"At-Uliburu, Nalanda",Kendujhar
M/s. Behera Minerals,At/PO-Tikayatpali,Sundargada
M/s. Gouri Minerals (P) Ltd,Kumundi,Kendujhar
M/s. Welcon Steel (P) Ltd,"At-Karangdihi, Kanjipani",Kendujhar
M/s. M.K. D Minerals & Exports (P) Ltd,Hatisikuli,Mayurbhanj
M/s. Vishwakarma Metallicks,"Baraghat, Kuliposh",Sundargada
M/s. Bhagaban Minerals (P) Ltd,"Karukhetra, Nalda",Kendujhar
M/s. G.P Minerals,"At-Ghasal Ind. Estate, Rajgangpur",Sundargada
M/s. Mahakaya Mineral,"Ichinda, Suakati",Kendujhar
M/s. Balaji Metalics (P) Ltd,"At-Khairabandha, Kalunga",Sundargada
M/s. Choudhury Iron & Steel Ind. Ltd,"Raichapala, Kumjharia",Sundargada
M/s. SCAW Industries (P) Ltd,Gundhichapada Ind. Estate,Dhenkanal
M/s. Indo Ingots & Rerollers,"Banspani, Joda",Kendujhar
M/s. Kalinga Sponge Iron Ltd,"Kalunda Ind. Estate, Kalunga",Sundargada
M/s. Danla Metalics,"Danla, Suakati",Kendujhar
M/s. Bajrang Ispat (P) Ltd,"At-Naikinbahal, Kuarmunda",Sundargada
M/s. Ispat Agencies (P) Ltd,"Gohidorah, Balanda",Sundargada
M/s. Core Minerals,"Kolmang, Malda",Sundargada
M/s. Anjani Steel (P) Ltd,Matkambeda Ind. Estate,Kendujhar
M/s. Ravish Metaliks,"Aanugaon, Chikitmati",Sundargada
M/s. Kalinga Mining Corporation (Inside Joruri Iron & Mn. Mine),"Joruri, Jajang",Kendujhar
M/s. Lucky Minerals,Kasia (Kha),Kendujhar
M/s. P. K. Associates,"Matkembeda, Bhadrasahi",Kendujhar
M/s. Orissa Stevedors Ltd,At-Badabil,Kendujhar
M/s. KMC,"At-Joruni, Jajang",Kendujhar
M/s. Utkal Industries,"Jalangadiha, Narayanpur",Kendujhar
M/s. Sidhi Minerals,Arda,Jharsuguda
M/s. G.A Steelmate India (P) Ltd,"Karakhendra, Badabil",Kendujhar
M/s. Rashmi Metaliks (P) Ltd,Koira,Sundargada
M/s. B. R. Sponge & Power Ltd,"Tumkela, Rajmunda",Sundargada
M/s. Rairon Mineral,Kuanor,Kendujhar
M/s. Maheswari Minerals,"Rajmunda, Soida",Anugul
M/s. Sree Mahavir Ferro Alloys (P) Ltd,Tankajoda,Sundargada
M/s. Rungta Sons (P) Ltd,"Orghat, Koira",Sundargada
M/s. Rungta Sons (P) Ltd (-do-),"Sanindupur, Koira",Sundargada
M/s. Feedrade & Co. (P) Ltd,"Nadidihi, Guali",Sundargada
M/s. Bonia Ind. Co. Ltd,"Teherai, Koira",Sundargada
M/s. Bonia Ind. Co. Ltd (-do-),"Nadidihi, Guali",Sundargada
M/s. Pawanjaya Sponge Iron Ltd,"Bijabahal, Kumjharia",Sundargada
M/s. Tata Steel Ltd,"Katamati, Deojhar",Kendujhar
M/s. Agroha Ispat (P) Ltd,Sannuagaon,Sundargada
M/s. Muskan Minerals (P) Ltd,"Jiabahal, Kalunga",Sundargada
M/s. Shivam Sponge Iron (P) Ltd,"Karakcha, Badabil",Kendujhar
M/s. Balgopal Minerals (P) Ltd,"Jalahari, Jajang",Kendujhar
M/s. Binodini Minerals,"Danla, Suakati",Kendujhar
M/s. Jajang Iron & Mn. Mines,Jajanga,Kendujhar
