Sl. No.,Name & Location,District Group,DRI Kiln No/Capacity in TPD
1,"Adhunik Metalics Ltd. (previously Neepaz Metalicks Ltd,), Vill-ChadriHariharpur,Kuarmunda",SUNDARGADA,5X100
2,"Agrasen Sponge (P) Ltd, Mandiakudar",SUNDARGADA,3X50
3,"B.R. Sponge & Power Ltd., Tumkela, Rajamunda",SUNDARGADA,2X100
4,"Thakur Prasad Sao & Sons (P) Ltd. (Formerly known as Bajrang Ispat (P) Ltd), Kuanrmunda",SUNDARGADA,2X40+2X100
5,"Bhasker steel and ferro Alloys Ltd,Bonai",SUNDARGADA,1X300
6,"Govindam Project Ltd., Kalosihira,Kuarmunda",SUNDARGADA,2X100
7,"Jagannath Sponge (P) Ltd, Kuanrmunda,",SUNDARGADA,1X50
8,"Jai Balaji Jyoti Steels Ltd., Tainser, Lathikata,",SUNDARGADA,4X100
9,"Jay Iron & Steels Ltd., Balanda, Sundargada",SUNDARGADA,2X100
10,"Kalinga Sponge Iron Ltd., Kalunga I.E",SUNDARGADA,2X100
11,"Neepaz Metalicks (P) Ltd,Vill-Chadri Hariharpur,Kuanrmunda",SUNDARGADA,
12,"Mangalam Ispat (P) Ltd,Usra Road, Kuarmunda",SUNDARGADA,
13,"Bajrang Ispat (P) Ltd,Kuarmunda",SUNDARGADA,
14,"Kaushal Ferro Metals (P) Ltd., Podbahal",SUNDARGADA,2X100
15,"Khederia Ispat Ltd.,Kuarmunda",SUNDARGADA,1X50
16,"Maa Sakumbari Sponge Iron (P) Ltd., Kuanrmunda",SUNDARGADA,1X100
17,"Maa Tarini Industries (P) Ltd At-Balanda,Po-Kalunga",SUNDARGADA,2X50
18,"Maa Visnovi Sponge Ltd, Industrial Estate Kalunga",SUNDARGADA,2X50
19,"Mahakali Ispat (P) Ltd, Gurundupali, Bonai",SUNDARGADA,1X50
20,"Thakur Prasad Sao & Sons (P) Ltd. (Formerly known as Mangalam Ispat (P) Ltd., Usra Road, Kuarmunda",SUNDARGADA,2X100
21,"Meta Sponge (P) Ltd.,Kalunga Industrial Estate",SUNDARGADA,1X40
22,Monica Holdings (P) Ltd Bad Jtumkela,SUNDARGADA,1X50
23,"Nixon Steel & Power Ltd, , Industrial Estate Kalunga,",SUNDARGADA,1X350
24,"OCL India Ltd.,(Sponge Iron Division),Rajgangpur",SUNDARGADA,4X100
25,"Ores ispat ( P) Ltd, Bonai",SUNDARGADA,1X50
26,"Pawanjaya Sponge Iron LtdAt-Bijabahal, Po-Kunjharia",SUNDARGADA,4X50
27,"Pooja Sponge Iron Ltd., Kalunga I/E., Sundargada",SUNDARGADA,2X100
28,"Prabhu Sponge Iron (P) LtdJhagarpur, Rajgangpur",SUNDARGADA,4X50
29,"Reliable Sponge (P) Ltd., Jhaliaberena, Bonai",SUNDARGADA,2X100
30,"Rexon Strips Ltd.,Kumakela",SUNDARGADA,2X100
31,"Rungta Mines, Komando,Kalta",SUNDARGADA,6X100
32,"Sai Sardha Sponge (P) Ltd,Bijabahal",SUNDARGADA,1X25
33,"Scan Steels Ltd, Ramabahal,Rajgangpur",SUNDARGADA,2X50
34,"Seeta Sponge Iron Ltd.,Kalunga Industrial Estate",SUNDARGADA,1X50+1X100
35,"Shiv Mettaliks (P) Ltd,Gurundupali,Bonai",SUNDARGADA,2X100
36,Shree Ganesh Metalicks Ltd Kuanrmunda,SUNDARGADA,4X100
37,"Shrishti Ispat Ltd(unit of Scan Steel Ltd), Budakata, Bringatoli",SUNDARGADA,4X100
38,"Sponge Udyog Pvt. Ltd., Jiabahal, Kalunga",SUNDARGADA,2X100
39,"Sri Balaji Metallics (P) Ltd, Kharibandh",SUNDARGADA,2X50
40,"Sri Hari Sponge Iron Ltd, Bonai",SUNDARGADA,1X100
41,"Sri Mahavir Ferro Alloys (P) Ltd.,Kalunga Industrial Estate",SUNDARGADA,3X100
42,"Suraj Products Ltd.,Barapali, Kesarmal, Rajgangpur",SUNDARGADA,3X50
43,"Surendra Mining Industries (P) Ltd., Bonai",SUNDARGADA,2X100
44,"Swastic Ispat (P) Ltd.,Kuanrmunda",SUNDARGADA,2X50
45,"T.R. Chemicals (P) Ltd.,Barpalli, Rajgangpur",SUNDARGADA,3X50
46,"Utkal Metallicks Ltd, Kalunga Industrial Estate",SUNDARGADA,2X50
47,"Vasundhara Metaliks (P) Ltd, Podajalanga, Bilaimunda(Hingir",SUNDARGADA,1X50
48,"Vedvyas Ispat (P) Ltd.,Kuarmunda",SUNDARGADA,1X100
49,"Vikram Sponge Iron Ltd, Bonai",SUNDARGADA,2X100
50,"Vishal Metallicks Ltd, Bonai",SUNDARGADA,1X100
51,"Aditya Sponge & Power (P) Ltd.,Telkoi, Dubulapal, Kendujhar",KENDUJHAR,2X100
52,"Beekay Steels & Power Ltd.,Uliburu, Nalda, Kendujhar",KENDUJHAR,1X300
53,"Crackers India Alloys.,Ltd, (Sponge) Gobardhanpur, Deojhar,Kendujhar",KENDUJHAR,2X100
54,"Deepak Steel and Power Ltd, Topadihi, Kendujhar",KENDUJHAR,2X50+2X100
55,"Deepak Steel and Power Ltd, Uliburu",KENDUJHAR,2X100
56,"Grewal Associates.,Matkambeda, Badabil, Kendujhar",KENDUJHAR,4X100
57,"M/s K.J.S. Ltd (Formerly known as Hima Ispat Pvt. Ltd)., Barpada, Guali, Kendujhar",KENDUJHAR,1X300
58,"Kusum Power Met Ltd,Kutugaon, Chipinda, Kendujhar",KENDUJHAR,2X50+2X100
59,"MSP Sponge Iron (P) Ltd Haladiaguna, Gohardhanpur",KENDUJHAR,2X40+2X50
60,"N.K Bhojani (P) Ltd.,Rugudihi,Guali,Badabil",KENDUJHAR,3X40
61,"OMDC Sponge Iron Plant, Thakurani",KENDUJHAR,1X100
62,"(M/s Pattaik Mineral (P) Ltd) (Formerly known Orion Ispat Ltd.,Ramchandrapur",KENDUJHAR,3X100
63,"Orissa Sponge Iron Ltd.,Palaspanga",KENDUJHAR,1X350+1X500
64,"Rungta Mines,(Sponge Iron Division),Karakola, Badabil,",KENDUJHAR,5X100
65,"Shri Ganesh Sponge Iron Ltd Pvt. Ltd., Kutugaon, Chipinda",KENDUJHAR,2X100
66,"Sree Metaliks Ltd.,Loidapara",KENDUJHAR,2X50+4X100+1X300
67,"Sri Jagannath Mettalics Ltd., Khaprakhai, Palaspanga",KENDUJHAR,2X100
68,"Sumrit Metallicks (P) Ltd, Soyabali, Badabil",KENDUJHAR,2X50
69,"Tata Sponge Iron Ltd.,Bileipada, Joda",KENDUJHAR,2X375+1X500
70,"Patnaik Steel & Alloys, Vill-Purnapani,Dubuna, Kendujhar",KENDUJHAR,1X350
71,"Orion Ispat Ltd,Ramchandrapur,",KENDUJHAR,
72,"Aryan Ispat & Power Ltd, Bamaloi, Rengali",SAMBALPUR,2X100
73,"Bhusan Ltd, Thelkoloi, Regali",SAMBALPUR,4X500
74,"Maa Samaleswari Sponge Iron Ltd., Katarbhaga, Rengali",SAMBALPUR,2X100
75,"Maa Samaleswari Industries (P) Ltd, Lapanga,",SAMBALPUR,2X100
76,"R.B. Sponge Iron (P) Ltd., Kenghati, Jayanpur",SAMBALPUR,1X50
77,"Rathi Udyog Ltd., Near Chipilima",SAMBALPUR,1X500
78,"Samaleswari Ferro Metals (P) Ltd,Bisal Khinda,Sasan",SAMBALPUR,1X100
79,"Shyam DRI Power Ltd., Pandaloi",SAMBALPUR,2X350
80,"T.R.Chemicals ltd., Belpada",SAMBALPUR,3X100
81,"Viraj Steel & Energy, Gurupali, Rengali",SAMBALPUR,2X350
82,Action Ispat & Power (P) Ltd,JHARSUGUDA,2X350
83,"Bhagawati Steels (P) Ltd, Badmal",JHARSUGUDA,1X50
84,Eastern Steel & Power Ltd,JHARSUGUDA,1X350
85,"Jai Hanuman Udyog Ltd,Raghunathpali",JHARSUGUDA,2X100
86,"L.N. Metaliks Ltd, Sripura",JHARSUGUDA,2X100
87,"Pawansut Sponge (P) Ltd, Badmal",JHARSUGUDA,2X100
88,"Seven Star Steels Ltd, Girindola",JHARSUGUDA,1X100
89,"Shree Madhav Ispat Ltd, Siriapali, Parmanpur, Jharsuguda",JHARSUGUDA,2X100
90,"Singhal Enterprises (P) Ltd,Hirma",JHARSUGUDA,2X100
91,"SMC power Generation (P) Ltd, Hirma",JHARSUGUDA,2X300
92,"SPS Sponge Iron Ltd., Badmal, jharsuguda",JHARSUGUDA,6X100
93,"MSP Metalliks Ltd, Marakuta, Jharsuguda",JHARSUGUDA,4X100
94,"Jain Steel & Power Ltd., Durlaga, Jharsuguda",JHARSUGUDA,1X350
95,"Bindal Sponge Iron Ltd., Sunakhani, Talcher",ANUGUL,1X300
96,"Ganesh Sponge (P) Ltd, Golabandh, Anugul",ANUGUL,1X100
97,"Shree Metaliks Ltd.,Amalapada, Anugul",ANUGUL,2X100
98,"Bhusan Steel Ltd, Meramundali",DHENKANAL,6X500
99,"BRG Iron & Steel Co. Ltd, Kurunti",DHENKANAL,2X100
100,"Rana Sponge Ltd, Kulei, Parjang",DHENKANAL,1X350
101,"Scaw Industries Pvt. Ltd., I.E. , Gundichapada",DHENKANAL,1X300
102,"Dinabandhu Steel & Power Ltd., Kalinga nagar, Jakhapur, Jajpur",JAJPUR,2X100
103,"K.J. Ispat Ltd Kalinga nagar, Jhakapur",JAJPUR,1X100
104,"Miathan Ispat Ltd., Kalinga nagar, Jakhapur",JAJPUR,2X350
105,"Suryaa Sponge Iron Ltd, Kalkala",JAJPUR,2X40+2X100
106,"Visa Steels Ltd., Kalinga Nagar",JAJPUR,2X500
107,"Arati Steels Ltd,Ghantkhal,Athagarh",KATAKA,1X500
108,"Maheswari Ispat Ltd, Rampai, Khuntuni",KATAKA,4X100
109,"Sri Hardev Steel (P) Ltd, Sunjamuhan, Gurudijhatia, Choudwar",KATAKA,1X50
110,"Virajaa Steel (P) Ltd.,( Formerly Shiva Metaliks Pvt. Ltd,) Suniamuhan, Mancheswar , Choudwar",KATAKA,1X50
111,"Shiv Shakti Sponge Iron Ltd, Pandersil (Sukruli)",MAYURBHANJ,2X100
